t,payload.p_x,payload.p_y,payload.p_z,payload.q_w,payload.q_x,payload.q_y,payload.q_z,payload.v_x,payload.v_y,payload.v_z,payload.w_x,payload.w_y,payload.w_z,payload.F_x,payload.F_y,payload.F_z,payload.T_x,payload.T_y,payload.T_z,canopy.p_x,canopy.p_y,canopy.p_z,canopy.q_w,canopy.q_x,canopy.q_y,canopy.q_z,canopy.v_x,canopy.v_y,canopy.v_z,canopy.w_x,canopy.w_y,canopy.w_z,canopy.F_x,canopy.F_y,canopy.F_z,canopy.T_x,canopy.T_y,canopy.T_z
0.0,0.0,0.0,200.0,1.0,0.0,0.0,0.0,0.0,0.0,0.0,0.0,0.0,0.0,0.0,0.0,-98.10000000000001,0.0,0.0,0.0,0.0,0.0,205.0,1.0,0.0,0.0,0.0,0.0,0.0,0.0,0.0,0.0,0.0,0.0,0.0,-19.62,0.0,0.0,0.0
0.0014344493631598296,0.0,0.0,199.99998990725192,1.0,0.0,0.0,0.0,0.0,0.0,-0.014071946802763106,0.0,0.0,0.0,0.0,0.0,-98.09996361388255,0.0,0.0,0.0,0.0,0.0,204.99998990725192,1.0,0.0,0.0,0.0,0.0,0.0,-0.01407194680276309,0.0,0.0,0.0,0.0,0.0,-19.619999818069413,0.0,0.0,0.0
0.015778942994758127,0.0,0.0,199.99877878503105,1.0,0.0,0.0,0.0,0.0,0.0,-0.15478950107729092,0.0,0.0,0.0,0.0,0.0,-98.09559738865296,0.0,0.0,0.0,0.0,0.0,204.99877878503105,1.0,0.0,0.0,0.0,0.0,0.0,-0.1547895010772909,0.0,0.0,0.0,0.0,0.0,-19.619977986943265,0.0,0.0,0.0
0.13498912553615167,0.0,0.0,199.91066152235717,1.0,0.0,0.0,0.0,0.0,0.0,-1.3230363862961172,0.0,0.0,0.0,0.0,0.0,-97.7783593548986,0.0,0.0,0.0,0.0,0.0,204.91066152235715,1.0,0.0,0.0,0.0,0.0,0.0,-1.323036386296262,0.0,0.0,0.0,0.0,0.0,-19.618391796774493,0.0,0.0,0.0
0.3443099786496574,0.0,0.0,199.42023309417957,1.0,0.0,0.0,0.0,0.0,0.0,-3.3577728141473244,0.0,0.0,0.0,0.0,0.0,-96.02828521762532,0.0,0.0,0.0,0.0,0.0,204.42023309417914,1.0,0.0,0.0,0.0,0.0,0.0,-3.357772814156581,0.0,0.0,0.0,0.0,0.0,-19.60964142608807,0.0,0.0,0.0
0.5536308317631631,0.0,0.0,198.50797978895827,1.0,0.0,0.0,0.0,0.0,0.0,-5.349272013779981,0.0,0.0,0.0,0.0,0.0,-92.84204683952598,0.0,0.0,0.0,0.0,0.0,203.5079797889556,1.0,0.0,0.0,0.0,0.0,0.0,-5.349272013804955,0.0,0.0,0.0,0.0,0.0,-19.593710234197385,0.0,0.0,0.0
0.7629516848766688,0.0,0.0,197.1854869246118,1.0,0.0,0.0,0.0,0.0,0.0,-7.273775833135025,0.0,0.0,0.0,0.0,0.0,-88.37818901750904,0.0,0.0,0.0,0.0,0.0,202.18548692460575,1.0,0.0,0.0,0.0,0.0,0.0,-7.273775833141215,0.0,0.0,0.0,0.0,0.0,-19.57139094508746,0.0,0.0,0.0
0.9455781878404136,0.0,0.0,195.70914507866402,1.0,0.0,0.0,0.0,0.0,0.0,-8.881989464538496,0.0,0.0,0.0,0.0,0.0,-83.60401085414826,0.0,0.0,0.0,0.0,0.0,200.70914507865754,1.0,0.0,0.0,0.0,0.0,0.0,-8.881989464537567,0.0,0.0,0.0,0.0,0.0,-19.54752005427076,0.0,0.0,0.0
1.1282046908041585,0.0,0.0,193.946056518302,1.0,0.0,0.0,0.0,0.0,0.0,-10.412375840736535,0.0,0.0,0.0,0.0,0.0,-78.17827139329148,0.0,0.0,0.0,0.0,0.0,198.94605651829607,1.0,0.0,0.0,0.0,0.0,0.0,-10.412375840731602,0.0,0.0,0.0,0.0,0.0,-19.520391356966552,0.0,0.0,0.0
1.3108311937679034,0.0,0.0,191.91126213506936,1.0,0.0,0.0,0.0,0.0,0.0,-11.856300913100206,0.0,0.0,0.0,0.0,0.0,-72.26991864091104,0.0,0.0,0.0,0.0,0.0,196.91126213506456,1.0,0.0,0.0,0.0,0.0,0.0,-11.856300913093586,0.0,0.0,0.0,0.0,0.0,-19.4908495932047,0.0,0.0,0.0
1.4934576967316482,0.0,0.0,189.62114463198986,1.0,0.0,0.0,0.0,0.0,0.0,-13.207699344419368,0.0,0.0,0.0,0.0,0.0,-66.04603958753921,0.0,0.0,0.0,0.0,0.0,194.6211446319863,1.0,0.0,0.0,0.0,0.0,0.0,-13.207699344412621,0.0,0.0,0.0,0.0,0.0,-19.459730197937862,0.0,0.0,0.0
1.7146654298688715,0.0,0.0,186.5300772085855,1.0,0.0,0.0,0.0,0.0,0.0,-14.715707308185916,0.0,0.0,0.0,0.0,0.0,-58.30856235963892,0.0,0.0,0.0,0.0,0.0,191.53007720858335,1.0,0.0,0.0,0.0,0.0,0.0,-14.715707308180164,0.0,0.0,0.0,0.0,0.0,-19.42104281179835,0.0,0.0,0.0
1.9358731630060948,0.0,0.0,183.12123254340574,1.0,0.0,0.0,0.0,0.0,0.0,-16.08085099965235,0.0,0.0,0.0,0.0,0.0,-50.58339496958259,0.0,0.0,0.0,0.0,0.0,188.12123254340466,1.0,0.0,0.0,0.0,0.0,0.0,-16.080850999648153,0.0,0.0,0.0,0.0,0.0,-19.382416974848038,0.0,0.0,0.0
2.1712495386736084,0.0,0.0,179.18032788658638,1.0,0.0,0.0,0.0,0.0,0.0,-17.379029505072634,0.0,0.0,0.0,0.0,0.0,-42.60186502360849,0.0,0.0,0.0,0.0,0.0,184.18032788658607,1.0,0.0,0.0,0.0,0.0,0.0,-17.37902950507006,0.0,0.0,0.0,0.0,0.0,-19.342509325118126,0.0,0.0,0.0
2.406625914341122,0.0,0.0,174.9519907245873,1.0,0.0,0.0,0.0,0.0,0.0,-18.524563169278565,0.0,0.0,0.0,0.0,0.0,-35.04445278743625,0.0,0.0,0.0,0.0,0.0,179.9519907245874,1.0,0.0,0.0,0.0,0.0,0.0,-18.524563169277272,0.0,0.0,0.0,0.0,0.0,-19.304722263937226,0.0,0.0,0.0
2.716778740532655,0.0,0.0,168.99996108462008,1.0,0.0,0.0,0.0,0.0,0.0,-19.81745774431742,0.0,0.0,0.0,0.0,0.0,-25.935562721465573,0.0,0.0,0.0,0.0,0.0,173.99996108462042,1.0,0.0,0.0,0.0,0.0,0.0,-19.81745774431723,0.0,0.0,0.0,0.0,0.0,-19.259177813607337,0.0,0.0,0.0
3.026931566724188,0.0,0.0,162.68201222863465,1.0,0.0,0.0,0.0,0.0,0.0,-20.88889342155268,0.0,0.0,0.0,0.0,0.0,-17.921446685728682,0.0,0.0,0.0,0.0,0.0,167.68201222863496,1.0,0.0,0.0,0.0,0.0,0.0,-20.888893421553,0.0,0.0,0.0,0.0,0.0,-19.21910723342863,0.0,0.0,0.0
3.5116674511971917,0.0,0.0,152.22462949116937,1.0,0.0,0.0,0.0,0.0,0.0,-22.18859496412506,0.0,0.0,0.0,0.0,0.0,-7.633674083933258,0.0,0.0,0.0,0.0,0.0,157.2246294911695,1.0,0.0,0.0,0.0,0.0,0.0,-22.188594964125336,0.0,0.0,0.0,0.0,0.0,-19.167668370419655,0.0,0.0,0.0
3.9964033356701956,0.0,0.0,141.22951170780095,1.0,0.0,0.0,0.0,0.0,0.0,-23.124391853707944,0.0,0.0,0.0,0.0,0.0,0.15801536845454223,0.0,0.0,0.0,0.0,0.0,146.22951170780098,1.0,0.0,0.0,0.0,0.0,0.0,-23.12439185370811,0.0,0.0,0.0,0.0,0.0,-19.12870992315772,0.0,0.0,0.0
4.343597057398796,0.0,0.0,133.11069981469583,1.0,0.0,0.0,0.0,0.0,0.0,-23.623157330217186,0.0,0.0,0.0,0.0,0.0,4.442342063105627,0.0,0.0,0.0,0.0,0.0,138.11069981469583,1.0,0.0,0.0,0.0,0.0,0.0,-23.623157330217243,0.0,0.0,0.0,0.0,0.0,-19.10728828968447,0.0,0.0,0.0
4.690790779127396,0.0,0.0,124.83868135448597,1.0,0.0,0.0,0.0,0.0,0.0,-24.011214017882118,0.0,0.0,0.0,0.0,0.0,7.838930745053972,0.0,0.0,0.0,0.0,0.0,129.83868135448597,1.0,0.0,0.0,0.0,0.0,0.0,-24.011214017882114,0.0,0.0,0.0,0.0,0.0,-19.090305346274732,0.0,0.0,0.0
5.0379845008559965,0.0,0.0,116.44771102926585,1.0,0.0,0.0,0.0,0.0,0.0,-24.31187984727889,0.0,0.0,0.0,0.0,0.0,10.50865343894155,0.0,0.0,0.0,0.0,0.0,121.44771102926585,1.0,0.0,0.0,0.0,0.0,0.0,-24.311879847278878,0.0,0.0,0.0,0.0,0.0,-19.076956732805293,0.0,0.0,0.0
5.46965133688022,0.0,0.0,105.88936470438694,1.0,0.0,0.0,0.0,0.0,0.0,-24.592009821876758,0.0,0.0,0.0,0.0,0.0,13.025926525818221,0.0,0.0,0.0,0.0,0.0,110.88936470438694,1.0,0.0,0.0,0.0,0.0,0.0,-24.59200982187671,0.0,0.0,0.0,0.0,0.0,-19.064370367370913,0.0,0.0,0.0
5.901318172904444,0.0,0.0,95.227748323213,1.0,0.0,0.0,0.0,0.0,0.0,-24.794425454661972,0.0,0.0,0.0,0.0,0.0,14.862799303922571,0.0,0.0,0.0,0.0,0.0,100.22774832321304,1.0,0.0,0.0,0.0,0.0,0.0,-24.794425454661905,0.0,0.0,0.0,0.0,0.0,-19.05518600348039,0.0,0.0,0.0
6.332985008928668,0.0,0.0,84.49161282051074,1.0,0.0,0.0,0.0,0.0,0.0,-24.940288805716307,0.0,0.0,0.0,0.0,0.0,16.19580854967886,0.0,0.0,0.0,0.0,0.0,89.49161282051077,1.0,0.0,0.0,0.0,0.0,0.0,-24.940288805716282,0.0,0.0,0.0,0.0,0.0,-19.048520950921823,0.0,0.0,0.0
6.593039074590786,-1.0770975751534265e-35,0.0,77.99674051255305,1.0,0.0,0.0,0.0,2.6704137102949046e-36,0.0,-25.007708534665177,0.0,0.0,0.0,-1.227099547112779e-35,0.0,16.81458308093815,0.0,0.0,0.0,2.9974671930624294e-37,0.0,82.99674051255307,1.0,0.0,0.0,0.0,1.261611438466775e-35,0.0,-25.0077085346652,0.0,0.0,0.0,-3.7632332627849e-36,0.0,-12.160505125884661,0.0,0.0,0.0
6.601189334852659,-1.0749336248980053e-35,0.0,77.79293892174495,1.0,0.0,0.0,0.0,2.6412949783145817e-36,0.0,-25.00265202906114,0.0,0.0,0.0,-1.2134735936986492e-35,0.0,16.768116809360393,0.0,0.0,0.0,4.0291616925959666e-37,0.0,82.79293892174498,1.0,0.0,0.0,0.0,1.2690800065546674e-35,0.0,-25.00265202906116,0.0,0.0,0.0,-6.981725481566513e-36,0.0,-5.865023806502029,0.0,0.0,0.0
6.609339595114532,-1.0727885318957463e-35,0.0,77.58920023610034,1.0,0.0,0.0,0.0,2.6255964873838794e-36,0.0,-24.991637851575426,0.0,0.0,0.0,-1.2057299517360957e-35,0.0,16.666935610164657,0.0,0.0,0.0,5.063856075350049e-37,0.0,82.58920023610037,1.0,0.0,0.0,0.0,1.268047178123872e-35,0.0,-24.991637851575447,0.0,0.0,0.0,-1.306242932052946e-35,0.0,6.124428809302778,0.0,0.0,0.0
6.617489855376405,-1.0706468688791946e-35,0.0,77.38559250321906,1.0,0.0,0.0,0.0,2.635631737821607e-36,0.0,-24.969327272249586,0.0,0.0,0.0,-1.2092578575408696e-35,0.0,16.462117188774897,0.0,0.0,0.0,6.091779483123137e-37,0.0,82.38559250321909,1.0,0.0,0.0,0.0,1.250734588673006e-35,0.0,-24.969327272249608,0.0,0.0,0.0,-2.425071481621634e-35,0.0,28.793471596283435,0.0,0.0,0.0
6.625640115638278,-1.0684792383491428e-35,0.0,77.18224410177041,1.0,0.0,0.0,0.0,2.694412272475064e-36,0.0,-24.925813567478542,0.0,0.0,0.0,-1.2340726803391285e-35,0.0,16.063173442628127,0.0,0.0,0.0,7.09441193054214e-37,0.0,82.18224410177044,1.0,0.0,0.0,0.0,1.2028585926505753e-35,0.0,-24.925813567478563,0.0,0.0,0.0,-4.376612601621188e-35,0.0,71.07281329628192,0.0,0.0,0.0
6.633790375900151,-1.0662305440946819e-35,0.0,76.97939366287235,1.0,0.0,0.0,0.0,2.8435980832502485e-36,0.0,-24.84327126715163,0.0,0.0,0.0,-1.298088618483742e-35,0.0,15.308318382790489,0.0,0.0,0.0,8.037556728001815e-37,0.0,81.97939366287238,1.0,0.0,0.0,0.0,1.0994637612997895e-35,0.0,-24.84327126715165,0.0,0.0,0.0,-7.415352063757021e-35,0.0,147.93586618294825,0.0,0.0,0.0
6.641940636162024,-1.0638005264087096e-35,0.0,76.77747257145109,1.0,0.0,0.0,0.0,3.15420744134601e-36,0.0,-24.691443142862905,0.0,0.0,0.0,-1.431080531715268e-35,0.0,13.926378222691298,0.0,0.0,0.0,8.860898201882905e-37,0.0,81.77747257145111,1.0,0.0,0.0,0.0,9.010177602783014e-36,0.0,-24.691443142862926,0.0,0.0,0.0,-1.0980451577030392e-34,0.0,281.28771541890853,0.0,0.0,0.0
6.650090896423897,-1.0610160792734562e-35,0.0,76.57722236167481,1.0,0.0,0.0,0.0,3.7342898886231005e-36,0.0,-24.424312974853734,0.0,0.0,0.0,-1.6759371689810823e-35,0.0,11.515523063950539,0.0,0.0,0.0,9.46647464786427e-37,0.0,81.57722236167484,1.0,0.0,0.0,0.0,5.56398200184761e-36,0.0,-24.424312974853756,0.0,0.0,0.0,-1.1709122807314944e-34,0.0,494.3774931836439,0.0,0.0,0.0
6.654439918468849,-1.0592952812661104e-35,0.0,76.47143643703046,1.0,0.0,0.0,0.0,4.2000163430524274e-36,0.0,-24.214907407616604,0.0,0.0,0.0,-1.8687927510063977e-35,0.0,9.643969864548112,0.0,0.0,0.0,9.654122962457922e-37,0.0,81.47143643703049,1.0,0.0,0.0,0.0,2.9734947319735016e-36,0.0,-24.214907407616625,0.0,0.0,0.0,-8.147883435455389e-35,0.0,643.909821781987,0.0,0.0,0.0
6.659739353213406,-1.0568803178194264e-35,0.0,76.34395402752041,1.0,0.0,0.0,0.0,4.949243138267293e-36,0.0,-23.881605591216577,0.0,0.0,0.0,-2.1718491590825957e-35,0.0,6.698336981650925,0.0,0.0,0.0,9.712149144320842e-37,0.0,81.34395402752044,1.0,0.0,0.0,0.0,-9.105897388246173e-37,0.0,-23.881605591216598,0.0,0.0,0.0,3.326888389590038e-35,0.0,852.9072532583376,0.0,0.0,0.0
6.665038787957963,-1.0540110737641984e-35,0.0,76.21848565601886,1.0,0.0,0.0,0.0,5.9159465743820797e-36,0.0,-23.453975331284905,0.0,0.0,0.0,-2.549576544682905e-35,0.0,2.978846186945688,0.0,0.0,0.0,9.545905095522261e-37,0.0,81.21848565601888,1.0,0.0,0.0,0.0,-5.451123385878847e-36,0.0,-23.453975331284926,0.0,0.0,0.0,2.5415234174446545e-34,0.0,1073.894553184519,0.0,0.0,0.0
6.67033822270252,-1.0505724026231325e-35,0.0,76.09553460870653,1.0,0.0,0.0,0.0,7.094946747201317e-36,0.0,-22.9326708007279,0.0,0.0,0.0,-2.989724185129084e-35,0.0,-1.4645170774749516,0.0,0.0,0.0,9.128366534649414e-37,0.0,81.09553460870656,1.0,0.0,0.0,0.0,-1.0328987020447518e-35,0.0,-22.932670800727923,0.0,0.0,0.0,5.8565014001322465e-34,0.0,1280.6548322498718,0.0,0.0,0.0
6.6749180759746585,-1.0470608677122187e-35,0.0,75.99166859249624,1.0,0.0,0.0,0.0,8.259289104833223e-36,0.0,-22.416027338276393,0.0,0.0,0.0,-3.401955775524309e-35,0.0,-5.769615750422346,0.0,0.0,0.0,8.559249153884334e-37,0.0,80.99166859249627,1.0,0.0,0.0,0.0,-1.448951870944232e-35,0.0,-22.4160273382764,0.0,0.0,0.0,9.355567766439264e-34,0.0,1427.734236003272,0.0,0.0,0.0
6.679497929246797,-1.0429922400237312e-35,0.0,75.89028195174097,1.0,0.0,0.0,0.0,9.521016050175811e-36,0.0,-21.852588460606267,0.0,0.0,0.0,-3.8230812855354866e-35,0.0,-10.35282937874068,0.0,0.0,0.0,7.806278655581612e-37,0.0,80.890281951741,1.0,0.0,0.0,0.0,-1.8317843415236857e-35,0.0,-21.852588460606253,0.0,0.0,0.0,1.301965037258343e-33,0.0,1533.5817336516013,0.0,0.0,0.0
6.686900515197603,-1.0351561236666068e-35,0.0,75.73206915114294,1.0,0.0,0.0,0.0,1.1660037644464749e-35,0.0,-20.88544422644503,0.0,0.0,0.0,-4.4747730859440685e-35,0.0,-17.947922826519914,0.0,0.0,0.0,6.2544331938316745e-37,0.0,80.73206915114297,1.0,0.0,0.0,0.0,-2.333927502570299e-35,0.0,-20.885444226445024,0.0,0.0,0.0,1.8233474130542743e-33,0.0,1612.025398532718,0.0,0.0,0.0
6.691776530402494,-1.0291260558534478e-35,0.0,75.63181132644891,1.0,0.0,0.0,0.0,1.3069134880461753e-35,0.0,-20.237876115513554,0.0,0.0,0.0,-4.860031912401892e-35,0.0,-22.841213048711907,0.0,0.0,0.0,5.055094603549e-37,0.0,80.63181132644894,1.0,0.0,0.0,0.0,-2.5732404521338386e-35,0.0,-20.237876115513625,0.0,0.0,0.0,2.0722865471787072e-33,0.0,1610.1802148563636,0.0,0.0,0.0
6.696652545607385,-1.0224178427369511e-35,0.0,75.53469352127772,1.0,0.0,0.0,0.0,1.4436911620421806e-35,0.0,-19.599537428837618,0.0,0.0,0.0,-5.199331010025982e-35,0.0,-27.513931860765283,0.0,0.0,0.0,3.756403432715442e-37,0.0,80.53469352127775,1.0,0.0,0.0,0.0,-2.7425738013422825e-35,0.0,-19.599537428837753,0.0,0.0,0.0,2.235575332244761e-33,0.0,1578.01220876218,0.0,0.0,0.0
6.701528560812276,-1.0150575699017446e-35,0.0,75.44064448536734,1.0,0.0,0.0,0.0,1.574081889753698e-35,0.0,-18.98048296981059,0.0,0.0,0.0,-5.489868339661161e-35,0.0,-31.90245767026417,0.0,0.0,0.0,2.390494199580929e-37,0.0,80.44064448536737,1.0,0.0,0.0,0.0,-2.8506502807442966e-35,0.0,-18.980482969810783,0.0,0.0,0.0,2.3212403754124107e-33,0.0,1525.9313330400166,0.0,0.0,0.0
6.7074621762871836,-1.0052717677460398e-35,0.0,75.33017400989206,1.0,0.0,0.0,0.0,1.7223466657678758e-35,0.0,-18.26184700599684,0.0,0.0,0.0,-5.779531251658291e-35,0.0,-36.82028344705743,0.0,0.0,0.0,6.767172512832252e-38,0.0,80.33017400989209,1.0,0.0,0.0,0.0,-2.9149806895276506e-35,0.0,-18.26184700599714,0.0,0.0,0.0,2.3422622767119446e-33,0.0,1447.7665764840888,0.0,0.0,0.0
6.713395791762091,-9.94642315790154e-36,0.0,75.22384183243304,1.0,0.0,0.0,0.0,1.8583921536812498e-35,0.0,-17.586099044173736,0.0,0.0,0.0,-6.00529333275051e-35,0.0,-41.27147587506402,0.0,0.0,0.0,-1.0576675141031754e-37,0.0,80.22384183243307,1.0,0.0,0.0,0.0,-2.9230193681381544e-35,0.0,-17.586099044174112,0.0,0.0,0.0,2.298442417165442e-33,0.0,1363.218459306848,0.0,0.0,0.0
6.720669723764453,-9.805672068947892e-36,0.0,75.0987559296296,1.0,0.0,0.0,0.0,2.0086606960377717e-35,0.0,-16.817747961967996,0.0,0.0,0.0,-6.20728618884993e-35,0.0,-46.128766203368805,0.0,0.0,0.0,-3.1707683200661433e-37,0.0,80.09875592962963,1.0,0.0,0.0,0.0,-2.878928805735057e-35,0.0,-16.817747961968475,0.0,0.0,0.0,2.190631138061185e-33,0.0,1260.0741099815318,0.0,0.0,0.0
6.727943655766815,-9.654619481643762e-36,0.0,74.97902501624617,1.0,0.0,0.0,0.0,2.1418871116257605e-35,0.0,-16.113047277254402,0.0,0.0,0.0,-6.341640323685824e-35,0.0,-50.392933742277236,0.0,0.0,0.0,-5.2364869363461695e-37,0.0,79.9790250162462,1.0,0.0,0.0,0.0,-2.7958149410822387e-35,0.0,-16.11304727725493,0.0,0.0,0.0,2.0518924831153773e-33,0.0,1162.9418392140055,0.0,0.0,0.0
6.738872969532134,-9.410849713251393e-36,0.0,74.80822413089838,1.0,0.0,0.0,0.0,2.313647714532584e-35,0.0,-15.163089712365995,0.0,0.0,0.0,-6.446326293956768e-35,0.0,-55.85233053135858,0.0,0.0,0.0,-8.204634130056888e-37,0.0,79.8082241308984,1.0,0.0,0.0,0.0,-2.6299501637979624e-35,0.0,-15.163089712366594,0.0,0.0,0.0,1.82539065528881e-33,0.0,1032.8167589646155,0.0,0.0,0.0
6.745940667645247,-9.243894413973594e-36,0.0,74.70303467981837,1.0,0.0,0.0,0.0,2.4089120745923804e-35,0.0,-14.6107030438016,0.0,0.0,0.0,-6.467246437666382e-35,0.0,-58.87440176897434,0.0,0.0,0.0,-1.0021256050638918e-36,0.0,79.70303467981839,1.0,0.0,0.0,0.0,-2.509696602474156e-35,0.0,-14.610703043802184,0.0,0.0,0.0,1.681048593822412e-33,0.0,959.0362161468846,0.0,0.0,0.0
6.753008365758359,-9.070592976513476e-36,0.0,74.60159505339139,1.0,0.0,0.0,0.0,2.4934520962105017e-35,0.0,-14.101202950063072,0.0,0.0,0.0,-6.460773857592373e-35,0.0,-61.56242884760811,0.0,0.0,0.0,-1.1751324144292757e-36,0.0,79.6015950533914,1.0,0.0,0.0,0.0,-2.3857112461491656e-35,0.0,-14.10120295006364,0.0,0.0,0.0,1.543624120909522e-33,0.0,892.768581924712,0.0,0.0,0.0
6.760076063871471,-8.891657978331027e-36,0.0,74.5036179301595,1.0,0.0,0.0,0.0,2.568525629323137e-35,0.0,-13.630200591836353,0.0,0.0,0.0,-6.432999217854022e-35,0.0,-63.96248984808336,0.0,0.0,0.0,-1.3393479603299005e-36,0.0,79.50361793015952,1.0,0.0,0.0,0.0,-2.2613734306011735e-35,0.0,-13.630200591836907,0.0,0.0,0.0,1.4150045836681361e-33,0.0,833.2597611563906,0.0,0.0,0.0
6.77302284248543,-8.55130294461423e-36,0.0,74.33228509977783,1.0,0.0,0.0,0.0,2.6850473181105747e-35,0.0,-12.854616792622217,0.0,0.0,0.0,-6.342177985777885e-35,0.0,-67.73693448235092,0.0,0.0,0.0,-1.6176394960316436e-36,0.0,79.33228509977783,1.0,0.0,0.0,0.0,-2.0393827502117403e-35,0.0,-12.854616792622728,0.0,0.0,0.0,1.203994177722296e-33,0.0,739.2803963852358,0.0,0.0,0.0
6.7859696210993885,-8.197375820901925e-36,0.0,74.1703518592797,1.0,0.0,0.0,0.0,2.7790014428432586e-35,0.0,-12.175178258735041,0.0,0.0,0.0,-6.217151472926359e-35,0.0,-70.8618250651247,0.0,0.0,0.0,-1.867983331544638e-36,0.0,79.1703518592797,1.0,0.0,0.0,0.0,-1.8303735803189994e-35,0.0,-12.17517825873556,0.0,0.0,0.0,1.0236385296306688e-33,0.0,661.2782442038578,0.0,0.0,0.0
6.798916399713347,-7.83250663205553e-36,0.0,74.01668098269064,1.0,0.0,0.0,0.0,2.854710292113775e-35,0.0,-11.575893833689856,0.0,0.0,0.0,-6.072170025394087e-35,0.0,-73.47725780852221,0.0,0.0,0.0,-2.0922659538642473e-36,0.0,79.01668098269064,1.0,0.0,0.0,0.0,-1.636994550610429e-35,0.0,-11.575893833690415,0.0,0.0,0.0,8.704752300379024e-34,0.0,595.9305431596276,0.0,0.0,0.0
6.811863178327306,-7.458831317761784e-36,0.0,73.87032005584173,1.0,0.0,0.0,0.0,2.915529539328279e-35,0.0,-11.044061028873081,0.0,0.0,0.0,-5.91661883260261e-35,0.0,-75.68777656325932,0.0,0.0,0.0,-2.292551501693891e-36,0.0,78.87032005584173,1.0,0.0,0.0,0.0,-1.4596182266293545e-35,0.0,-11.044061028873692,0.0,0.0,0.0,7.405099891867056e-34,0.0,540.6797663268629,0.0,0.0,0.0
6.827487430453355,-6.998620528537634e-36,0.0,73.7022878616013,1.0,0.0,0.0,0.0,2.9727973499633186e-35,0.0,-10.477715287902605,0.0,0.0,0.0,-5.723467829384263e-35,0.0,-77.92746238101357,0.0,0.0,0.0,-2.5051900564066674e-36,0.0,78.70228786160129,1.0,0.0,0.0,0.0,-1.265843099102619e-35,0.0,-10.47771528790338,0.0,0.0,0.0,6.09273845550467e-34,0.0,484.6919396526639,0.0,0.0,0.0
6.843111682579405,-6.530620538288016e-36,0.0,73.54254681369343,1.0,0.0,0.0,0.0,3.015753297233774e-35,0.0,-9.980652799225291,0.0,0.0,0.0,-5.530725535509934e-35,0.0,-79.7960321826169,0.0,0.0,0.0,-2.689162552032711e-36,0.0,78.5425468136934,1.0,0.0,0.0,0.0,-1.0922999863564187e-35,0.0,-9.980652799226249,0.0,0.0,0.0,5.008040844458208e-34,0.0,437.9788052477328,0.0,0.0,0.0
6.858735934705455,-6.056844939440326e-36,0.0,73.39010522652127,1.0,0.0,0.0,0.0,3.0471259531311127e-35,0.0,-9.54168339488705,0.0,0.0,0.0,-5.342478166300894e-35,0.0,-81.37071608098164,0.0,0.0,0.0,-2.847451799972666e-36,0.0,78.39010522652123,1.0,0.0,0.0,0.0,-9.367010378675254e-36,0.0,-9.541683394888155,0.0,0.0,0.0,4.105757111387998e-34,0.0,398.6119957962439,0.0,0.0,0.0
6.874360186831504,-5.57893195648702e-36,0.0,73.24412767356883,1.0,0.0,0.0,0.0,3.069023189545796e-35,0.0,-9.15188795528994,0.0,0.0,0.0,-5.161051731684654e-35,0.0,-82.70964148438924,0.0,0.0,0.0,-2.9826866761153268e-36,0.0,78.24412767356877,1.0,0.0,0.0,0.0,-7.968365937064637e-36,0.0,-9.151887955291155,0.0,0.0,0.0,3.350019159148094e-34,0.0,365.13893595690104,0.0,0.0,0.0
6.894163832002679,-4.9693175416707086e-36,0.0,73.06729041090277,1.0,0.0,0.0,0.0,3.085702032790588e-35,0.0,-8.717368990776404,0.0,0.0,0.0,-4.942728590834231e-35,0.0,-84.13637406020194,0.0,0.0,0.0,-3.1245328960258e-36,0.0,78.0672904109027,1.0,0.0,0.0,0.0,-6.390559761868934e-36,0.0,-8.717368990777546,0.0,0.0,0.0,2.5591260641245827e-34,0.0,329.47064348325495,0.0,0.0,0.0
6.9138680473880525,-4.360503994681545e-36,0.0,72.89931730721808,1.0,0.0,0.0,0.0,3.092345711290642e-35,0.0,-8.340489297605465,0.0,0.0,0.0,-4.7392205218735205e-35,0.0,-85.31765878331215,0.0,0.0,0.0,-3.23652491584587e-36,0.0,77.89931730721798,1.0,0.0,0.0,0.0,-5.004769265049809e-36,0.0,-8.34048929760653,0.0,0.0,0.0,1.9175334319164032e-34,0.0,299.93852946883675,0.0,0.0,0.0
6.933572262773426,-3.75119764934005e-36,0.0,72.73830132868493,1.0,0.0,0.0,0.0,3.0909809643947944e-35,0.0,-8.00987671179439,0.0,0.0,0.0,-4.54935167145741e-35,0.0,-86.31094454261566,0.0,0.0,0.0,-3.322777155725756e-36,0.0,77.7383013286848,1.0,0.0,0.0,0.0,-3.7735563901388334e-36,0.0,-8.009876711795377,0.0,0.0,0.0,1.388494078258338e-34,0.0,275.1063862538455,0.0,0.0,0.0
6.957353794318347,-3.017166705025281e-36,0.0,72.55204884260881,1.0,0.0,0.0,0.0,3.080724168834255e-35,0.0,-7.66233555014877,0.0,0.0,0.0,-4.3375184011275013e-35,0.0,-87.31178280723523,0.0,0.0,0.0,-3.3965540133489246e-36,0.0,77.55204884260866,1.0,0.0,0.0,0.0,-2.459666695711522e-36,0.0,-7.662335550149653,0.0,0.0,0.0,8.657744873951907e-35,0.0,250.08542979449288,0.0,0.0,0.0
6.981135325863269,-2.2865127789305323e-36,0.0,72.37348530200396,1.0,0.0,0.0,0.0,3.0628581825973274e-35,0.0,-7.361777552069963,0.0,0.0,0.0,-4.1432098127892065e-35,0.0,-88.14152749656789,0.0,0.0,0.0,-3.441004784727978e-36,0.0,77.37348530200377,1.0,0.0,0.0,0.0,-1.3022294505163556e-36,0.0,-7.361777552070744,0.0,0.0,0.0,4.403901124499665e-35,0.0,229.34181258245584,0.0,0.0,0.0
7.00491685740819,-1.560864979506673e-36,0.0,72.2015902911579,1.0,0.0,0.0,0.0,3.038831607040198e-35,0.0,-7.100361179300976,0.0,0.0,0.0,-3.9647373625499625e-35,0.0,-88.83622006893866,0.0,0.0,0.0,-3.459516744207003e-36,0.0,77.2015902911577,1.0,0.0,0.0,0.0,-2.742420674175948e-37,0.0,-7.10036117930166,0.0,0.0,0.0,8.945031443601397e-36,0.0,211.9744982761065,0.0,0.0,0.0
7.033750764976954,-6.896586705031702e-37,0.0,72.00090429690377,1.0,0.0,0.0,0.0,3.0029897268495213e-35,0.0,-6.827053983748741,0.0,0.0,0.0,-3.76716403467894e-35,0.0,-89.53565760467266,0.0,0.0,0.0,-3.451175759191576e-36,0.0,77.00090429690356,1.0,0.0,0.0,0.0,8.290531006120948e-37,0.0,-6.827053983749292,0.0,0.0,0.0,-2.600058031784489e-35,0.0,194.48855988317473,0.0,0.0,0.0
7.062584672545718,1.7031805317295058e-37,0.0,71.80750818178666,1.0,0.0,0.0,0.0,2.961147281583763e-35,0.0,-6.593432433049852,0.0,0.0,0.0,-3.5875578815480904e-35,0.0,-90.11177170796067,0.0,0.0,0.0,-3.4129434989266764e-36,0.0,76.80750818178643,1.0,0.0,0.0,0.0,1.80347308691063e-36,0.0,-6.593432433050279,0.0,0.0,0.0,-5.462463930235417e-35,0.0,180.08570730100539,0.0,0.0,0.0
7.091418580114482,1.017497852638493e-36,0.0,71.62036023314012,1.0,0.0,0.0,0.0,2.91438085918446e-35,0.0,-6.392654721470116,0.0,0.0,0.0,-3.4233783653315846e-35,0.0,-90.59086618121711,0.0,0.0,0.0,-3.348187873375625e-36,0.0,76.62036023313988,1.0,0.0,0.0,0.0,2.6721704790997974e-36,0.0,-6.392654721470435,0.0,0.0,0.0,-7.847164671185332e-35,0.0,168.10834546959092,0.0,0.0,0.0
7.1266185181321,2.0325016223778614e-36,0.0,71.39911430446847,1.0,0.0,0.0,0.0,2.851773639721523e-35,0.0,-6.184274588983354,0.0,0.0,0.0,-3.2406427928604627e-35,0.0,-91.07243490973008,0.0,0.0,0.0,-3.2371869316333166e-36,0.0,76.39911430446823,1.0,0.0,0.0,0.0,3.615185686798759e-36,0.0,-6.184274588983599,0.0,0.0,0.0,-1.027038513645949e-34,0.0,156.0691272567623,0.0,0.0,0.0
7.161881632180794,3.02631026213571e-36,0.0,71.18421969901794,1.0,0.0,0.0,0.0,2.783990032086608e-35,0.0,-6.008795201103037,0.0,0.0,0.0,-3.073848267342429e-35,0.0,-91.46559236748321,0.0,0.0,0.0,-3.0946390868429446e-36,0.0,76.1842196990177,1.0,0.0,0.0,0.0,4.453628077167734e-36,0.0,-6.008795201103212,0.0,0.0,0.0,-1.2293306361202655e-34,0.0,146.24019081292957,0.0,0.0,0.0
7.197144746229489,3.995445210234111e-36,0.0,70.9750166908324,1.0,0.0,0.0,0.0,2.711949977502578e-35,0.0,-5.860578154181262,0.0,0.0,0.0,-2.920448043284305e-35,0.0,-91.78885335464226,0.0,0.0,0.0,-2.924116919751773e-36,0.0,75.97501669083215,1.0,0.0,0.0,0.0,5.204493767637803e-36,0.0,-5.860578154181369,0.0,0.0,0.0,-1.4011554200919081e-34,0.0,138.15866613394942,0.0,0.0,0.0
7.240249742982364,5.144575926529619e-36,0.0,70.72575875797637,1.0,0.0,0.0,0.0,2.618996571321297e-35,0.0,-5.709566914191255,0.0,0.0,0.0,-2.747675521604341e-35,0.0,-92.10990538862346,0.0,0.0,0.0,-2.681764032944369e-36,0.0,75.72575875797611,1.0,0.0,0.0,0.0,6.02373842630442e-36,0.0,-5.709566914191267,0.0,0.0,0.0,-1.5799255718530726e-34,0.0,130.13236528441425,0.0,0.0,0.0
7.283354739735239,6.252624509405543e-36,0.0,70.48240929647606,1.0,0.0,0.0,0.0,2.521461152440664e-35,0.0,-5.585448635200066,0.0,0.0,0.0,-2.5878416095420313e-35,0.0,-92.3675078011258,0.0,0.0,0.0,-2.4061133398468894e-36,0.0,75.48240929647581,1.0,0.0,0.0,0.0,6.752123806178494e-36,0.0,-5.585448635199993,0.0,0.0,0.0,-1.7324703695607483e-34,0.0,123.69230497185146,0.0,0.0,0.0
7.326459736488115,7.31776624491977e-36,0.0,70.24392651924302,1.0,0.0,0.0,0.0,2.4200161809954554e-35,0.0,-5.482995495088731,0.0,0.0,0.0,-2.438167324138335e-35,0.0,-92.57587972365374,0.0,0.0,0.0,-2.1007713322408785e-36,0.0,75.24392651924276,1.0,0.0,0.0,0.0,7.403275492889027e-36,0.0,-5.482995495088585,0.0,0.0,0.0,-1.8647007962288463e-34,0.0,118.48300690864912,0.0,0.0,0.0
7.379916353708552,8.576775622012273e-36,0.0,69.95368326830113,1.0,0.0,0.0,0.0,2.289597285321781e-35,0.0,-5.379989390222957,0.0,0.0,0.0,-2.263434172660533e-35,0.0,-92.7814874771,0.0,0.0,0.0,-1.685486483115931e-36,0.0,74.95368326830088,1.0,0.0,0.0,0.0,8.117900128367184e-36,0.0,-5.3799893902227,0.0,0.0,0.0,-2.006284323294041e-34,0.0,113.34281307248736,0.0,0.0,0.0
7.433372970928989,9.764887009785148e-36,0.0,69.66835942809087,1.0,0.0,0.0,0.0,2.1549002429366787e-35,0.0,-5.2980777873642895,0.0,0.0,0.0,-2.0978423491625538e-35,0.0,-92.94220581072308,0.0,0.0,0.0,-1.2344801464078042e-36,0.0,74.66835942809062,1.0,0.0,0.0,0.0,8.74147457329132e-36,0.0,-5.298077787363937,0.0,0.0,0.0,-2.1275040009492264e-34,0.0,109.32485473190607,0.0,0.0,0.0
7.486829588149426,1.0880027896609965e-35,0.0,69.38695444702934,1.0,0.0,0.0,0.0,2.016714906246953e-35,0.0,-5.232711167283709,0.0,0.0,0.0,-1.939092914798068e-35,0.0,-93.06869234306039,0.0,0.0,0.0,-7.523757280212414e-37,0.0,74.38695444702913,1.0,0.0,0.0,0.0,9.28253512863106e-36,0.0,-5.232711167283293,0.0,0.0,0.0,-2.231314158924444e-34,0.0,106.16269142347059,0.0,0.0,0.0
7.553921126069286,1.217381842663052e-35,0.0,69.03812657808662,1.0,0.0,0.0,0.0,1.839471062124066e-35,0.0,-5.1688087760665775,0.0,0.0,0.0,-1.7470718785955312e-35,0.0,-93.19082765994901,0.0,0.0,0.0,-1.0979428994509874e-37,0.0,74.03812657808643,1.0,0.0,0.0,0.0,9.853341159091715e-36,0.0,-5.16880877606604,0.0,0.0,0.0,-2.339598540541512e-34,0.0,103.10930850124953,0.0,0.0,0.0
7.621012663989145,1.3347627272329432e-35,0.0,68.69304383736767,1.0,0.0,0.0,0.0,1.6592775125314517e-35,0.0,-5.120331570696752,0.0,0.0,0.0,-1.5611493771230117e-35,0.0,-93.28248009637568,0.0,0.0,0.0,5.67231021364372e-37,0.0,73.69304383736753,1.0,0.0,0.0,0.0,1.0310267278621283e-35,0.0,-5.120331570696133,0.0,0.0,0.0,-2.4251319050652686e-34,0.0,100.81799759057895,0.0,0.0,0.0
7.688104201909004,1.4399931922041721e-35,0.0,68.35080593033776,1.0,0.0,0.0,0.0,1.4774911090551846e-35,0.0,-5.083459511933048,0.0,0.0,0.0,-1.3801032951526173e-35,0.0,-93.35161323801125,0.0,0.0,0.0,1.271230966148539e-36,0.0,73.35080593033766,1.0,0.0,0.0,0.0,1.0658132914624232e-35,0.0,-5.083459511932406,0.0,0.0,0.0,-2.488902346940657e-34,0.0,99.08966904968877,0.0,0.0,0.0
7.773905404898676,1.55677487216841e-35,0.0,67.91621218804234,1.0,0.0,0.0,0.0,1.2448144288017002e-35,0.0,-5.048784782900552,0.0,0.0,0.0,-1.154832026766691e-35,0.0,-93.41617064468116,0.0,0.0,0.0,2.1994364831045122e-36,0.0,72.91621218804228,1.0,0.0,0.0,0.0,1.0949924047427672e-35,0.0,-5.048784782900026,0.0,0.0,0.0,-2.539600017490904e-34,0.0,97.4757338829469,0.0,0.0,0.0
7.8618634459175105,1.6558544097173224e-35,0.0,67.47329826246614,1.0,0.0,0.0,0.0,1.0087131925935344e-35,0.0,-5.023713479675888,0.0,0.0,0.0,-9.311505640319735e-36,0.0,-93.46257315312008,0.0,0.0,0.0,3.169432217378869e-36,0.0,72.47329826246613,1.0,0.0,0.0,0.0,1.1077702859775534e-35,0.0,-5.023713479675473,0.0,0.0,0.0,-2.5564772379789378e-34,0.0,96.31567117197933,0.0,0.0,0.0
7.949821486936345,1.73437836158913e-35,0.0,67.0322430673852,1.0,0.0,0.0,0.0,7.778801479970423e-36,0.0,-5.0060800951504065,0.0,0.0,0.0,-7.155464472739937e-36,0.0,-93.49507103237254,0.0,0.0,0.0,4.143346456912241e-36,0.0,72.03224306738521,1.0,0.0,0.0,0.0,1.1040592269131589e-35,0.0,-5.006080095150093,0.0,0.0,0.0,-2.5389697224948888e-34,0.0,95.50322419067253,0.0,0.0,0.0
8.063237226466654,1.8062581850237472e-35,0.0,66.4654058023042,1.0,0.0,0.0,0.0,4.9231611395479035e-36,0.0,-4.990807591337541,0.0,0.0,0.0,-4.514838560411434e-36,0.0,-93.523125523973,0.0,0.0,0.0,5.382278589997153e-36,0.0,71.46540580230425,1.0,0.0,0.0,0.0,1.0766305125244626e-35,0.0,-4.990807591337343,0.0,0.0,0.0,-2.468339353252993e-34,0.0,94.80186190066613,0.0,0.0,0.0
8.176652965996965,1.8467465278623048e-35,0.0,65.89996273826972,1.0,0.0,0.0,0.0,2.2512044507529295e-36,0.0,-4.981077083473931,0.0,0.0,0.0,-2.060466457849263e-36,0.0,-93.54095506251019,0.0,0.0,0.0,6.576780304822162e-36,0.0,70.89996273826978,1.0,0.0,0.0,0.0,1.0261964951099995e-35,0.0,-4.981077083473823,0.0,0.0,0.0,-2.3481246412663614e-34,0.0,94.35612343724029,0.0,0.0,0.0
8.319332317664347,1.856755153700248e-35,0.0,65.18984350450508,1.0,0.0,0.0,0.0,-7.818208330379885e-37,0.0,-4.973674512905399,0.0,0.0,0.0,7.1451598198513505e-37,0.0,-93.55449573804033,0.0,0.0,0.0,7.979184701522792e-36,0.0,70.18984350450515,1.0,0.0,0.0,0.0,9.34937366852462e-36,0.0,-4.973674512905383,0.0,0.0,0.0,-2.1361278138859786e-34,0.0,94.01760654899111,0.0,0.0,0.0
8.46201166933173,1.826479160147621e-35,0.0,64.48053107602678,1.0,0.0,0.0,0.0,-3.386152134603699e-36,0.0,-4.96946763716565,0.0,0.0,0.0,3.092029870965716e-36,0.0,-93.56218192033126,0.0,0.0,0.0,9.233047335664444e-36,0.0,69.48053107602685,1.0,0.0,0.0,0.0,8.191783210073716e-36,0.0,-4.969467637165696,0.0,0.0,0.0,-1.8700605713473065e-34,0.0,93.8254519917209,0.0,0.0,0.0
8.651072242347196,1.7354214403138389e-35,0.0,63.54131088143372,1.0,0.0,0.0,0.0,-6.102465841546267e-36,0.0,-4.966547007694257,0.0,0.0,0.0,5.569128711673175e-36,0.0,-93.56751423824176,0.0,0.0,0.0,1.0616311011912153e-35,0.0,68.54131088143377,1.0,0.0,0.0,0.0,6.405059324233879e-36,0.0,-4.9665470076943645,0.0,0.0,0.0,-1.4613191088966134e-34,0.0,93.69214404396135,0.0,0.0,0.0
8.840132815362661,1.6012494073944938e-35,0.0,62.60247952251298,1.0,0.0,0.0,0.0,-7.945469474390097e-36,0.0,-4.965164192239362,0.0,0.0,0.0,7.249040496426968e-36,0.0,-93.57003780997913,0.0,0.0,0.0,1.1646429091476939e-35,0.0,67.60247952251301,1.0,0.0,0.0,0.0,4.4828389556279635e-36,0.0,-4.965164192239477,0.0,0.0,0.0,-1.0224783202883894e-34,0.0,93.6290547505273,0.0,0.0,0.0
9.112806211807548,1.3647751437068062e-35,0.0,61.24874297533561,1.0,0.0,0.0,0.0,-9.120657162561065e-36,0.0,-4.964343557830694,0.0,0.0,0.0,8.319846396671167e-36,0.0,-93.57153509606783,0.0,0.0,0.0,1.2493992472804995e-35,0.0,66.2487429753356,1.0,0.0,0.0,0.0,1.7723116609884618e-36,0.0,-4.964343557830822,0.0,0.0,0.0,-4.0417484517949615e-35,0.0,93.59162259831027,0.0,0.0,0.0
9.46309840899883,1.0506657702407754e-35,0.0,59.509840222537335,1.0,0.0,0.0,0.0,-8.463346671087945e-36,0.0,-4.964026202484604,0.0,0.0,0.0,7.719755464363421e-36,0.0,-93.57211405946727,0.0,0.0,0.0,1.2583888478479983e-35,0.0,64.50984022253729,1.0,0.0,0.0,0.0,-1.1067069496608593e-36,0.0,-4.964026202484723,0.0,0.0,0.0,2.5236786799953176e-35,0.0,93.57714851332405,0.0,0.0,0.0
9.948248302869672,7.150129579804279e-36,0.0,57.101572048596026,1.0,0.0,0.0,0.0,-5.067754584662077e-36,0.0,-4.963935744770186,0.0,0.0,0.0,4.6224164936168494e-36,0.0,-93.57227907812944,0.0,0.0,0.0,1.1422239609494817e-35,0.0,62.10157204859596,1.0,0.0,0.0,0.0,-3.3092435161838166e-36,0.0,-4.963935744770307,0.0,0.0,0.0,7.546094406830409e-35,0.0,93.57302304676956,0.0,0.0,0.0
10.699947153889369,5.672863544679466e-36,0.0,53.370195297209925,1.0,0.0,0.0,0.0,7.995993766933855e-37,0.0,-4.963920923484996,0.0,0.0,0.0,-7.2933095903369625e-37,0.0,-93.57230611576503,0.0,0.0,0.0,8.86887353126489e-36,0.0,58.37019529720985,1.0,0.0,0.0,0.0,-2.860165663757982e-36,0.0,-4.963920923485169,0.0,0.0,0.0,6.522039121548212e-35,0.0,93.5723471058824,0.0,0.0,0.0
11.699947153889369,8.126102161342743e-36,0.0,48.4062750265159,1.0,0.0,0.0,0.0,2.880133105265806e-36,0.0,-4.963920081370493,0.0,0.0,0.0,-2.6270279150782336e-36,0.0,-93.57230765198464,0.0,0.0,0.0,7.587353544613876e-36,0.0,53.406275026515836,1.0,0.0,0.0,0.0,2.297081172596057e-37,0.0,-4.963920081370506,0.0,0.0,0.0,-5.238036006545589e-36,0.0,93.57230870038453,0.0,0.0,0.0
12.699947153889369,9.872936322809426e-36,0.0,43.44235496186063,1.0,0.0,0.0,0.0,4.100326075875351e-37,0.0,-4.96392005974944,0.0,0.0,0.0,-3.7399906954425625e-37,0.0,-93.57230769142666,0.0,0.0,0.0,8.520201030443593e-36,0.0,48.442354961860616,1.0,0.0,0.0,0.0,1.1481578257255681e-36,0.0,-4.9639200597493955,0.0,0.0,0.0,-2.618145182634305e-35,0.0,93.57230771433184,0.0,0.0,0.0
13.699947153889369,9.370918814081058e-36,0.0,38.47843490247657,1.0,0.0,0.0,0.0,-9.967041417301964e-37,0.0,-4.963920059276287,0.0,0.0,0.0,9.091140916223085e-37,0.0,-93.5723076922898,0.0,0.0,0.0,9.240583737851543e-36,0.0,43.47843490247657,1.0,0.0,0.0,0.0,1.9745029964089104e-37,0.0,-4.9639200592762895,0.0,0.0,0.0,-4.502460717354292e-36,0.0,93.57230769275536,0.0,0.0,0.0
14.699947153889369,8.580045006051672e-36,0.0,33.514514843207714,1.0,0.0,0.0,0.0,-4.038169710630978e-37,0.0,-4.963920059266665,0.0,0.0,0.0,3.683296611888317e-37,0.0,-93.57230769230735,0.0,0.0,0.0,9.06362803611999e-36,0.0,38.51451484320771,1.0,0.0,0.0,0.0,-3.88893869354823e-37,0.0,-4.963920059266665,0.0,0.0,0.0,8.867949925480833e-36,0.0,93.57230769231644,0.0,0.0,0.0
15.699947153889369,8.575184257027951e-36,0.0,28.55059478394119,1.0,0.0,0.0,0.0,2.79900412353838e-37,0.0,-4.963920059266486,0.0,0.0,0.0,-2.553028511344826e-37,0.0,-93.57230769230767,0.0,0.0,0.0,8.74494265093216e-36,0.0,33.550594783941186,1.0,0.0,0.0,0.0,-1.7185007746849755e-37,0.0,-4.963920059266478,0.0,0.0,0.0,3.9186986521768396e-36,0.0,93.5723076923079,0.0,0.0,0.0
16.69994715388937,8.87561991671842e-36,0.0,23.586674724674708,1.0,0.0,0.0,0.0,2.2350182403886313e-37,0.0,-4.963920059266474,0.0,0.0,0.0,-2.0386055322685786e-37,0.0,-93.5723076923077,0.0,0.0,0.0,8.733321511554886e-36,0.0,28.58667472467471,1.0,0.0,0.0,0.0,1.0566433655001117e-37,0.0,-4.963920059266476,0.0,0.0,0.0,-2.4094646876001123e-36,0.0,93.5723076923078,0.0,0.0,0.0
17.69994715388937,8.9520561113251e-36,0.0,18.622754665408237,1.0,0.0,0.0,0.0,-5.127141603568614e-38,0.0,-4.9639200592664725,0.0,0.0,0.0,4.676569993425156e-38,0.0,-93.5723076923077,0.0,0.0,0.0,8.851984434897907e-36,0.0,23.622754665408237,1.0,0.0,0.0,0.0,9.177515058303954e-38,0.0,-4.9639200592664725,0.0,0.0,0.0,-2.0927494720449564e-36,0.0,93.57230769230765,0.0,0.0,0.0
18.69994715388937,8.856443854155406e-36,0.0,13.658834606141765,1.0,0.0,0.0,0.0,-9.797244090616588e-38,0.0,-4.9639200592664725,0.0,0.0,0.0,8.936265325800517e-38,0.0,-93.5723076923077,0.0,0.0,0.0,8.885874510901602e-36,0.0,18.658834606141763,1.0,0.0,0.0,0.0,-1.7517869972799237e-38,0.0,-4.963920059266473,0.0,0.0,0.0,3.994601251430998e-37,0.0,93.57230769230769,0.0,0.0,0.0
19.69994715388937,8.803555326911441e-36,0.0,8.694914546875292,1.0,0.0,0.0,0.0,-4.7662596452675594e-39,0.0,-4.963920059266476,0.0,0.0,0.0,4.347402229424932e-39,0.0,-93.5723076923077,0.0,0.0,0.0,8.849029126837148e-36,0.0,13.69491454687529,1.0,0.0,0.0,0.0,-3.9352157931382804e-38,0.0,-4.963920059266473,0.0,0.0,0.0,8.973475631643426e-37,0.0,93.57230769230769,0.0,0.0,0.0
20.69994715388937,8.826892787050719e-36,0.0,3.7309944876088164,1.0,0.0,0.0,0.0,3.6183857501930265e-38,0.0,-4.963920059266474,0.0,0.0,0.0,-3.300403135386786e-38,0.0,-93.5723076923077,0.0,0.0,0.0,8.826956560490262e-36,0.0,8.730994487608818,1.0,0.0,0.0,0.0,-3.087676396560277e-39,0.0,-4.963920059266474,0.0,0.0,0.0,7.040830886897343e-38,0.0,93.57230769230773,0.0,0.0,0.0
21.451569751163863,8.849073749019037e-36,0.0,-7.105427357601002e-15,1.0,0.0,0.0,0.0,1.9236151272198829e-38,0.0,-4.963920059266471,0.0,0.0,0.0,-1.754568427872918e-38,0.0,-93.5723076923077,0.0,0.0,0.0,8.83206861000639e-36,0.0,4.999999999999992,1.0,0.0,0.0,0.0,1.3251774521728297e-38,0.0,-4.963920059266474,0.0,0.0,0.0,-3.02180317415146e-37,0.0,93.57230769230773,0.0,0.0,0.0
